city,year,scene,date,clear_frac,n_pixels,ndvi_mean,lst_mean,slope,intercept,r
Dhaka,2014,LC08_L2SP_137044_20140330_02_T1,2014-03-30,1.0,185282,0.3279,41.971,-12.6,46.102,-0.6375
Dhaka,2015,LC08_L2SP_137043_20150317_02_T1,2015-03-17,0.997,184572,0.3115,36.417,-11.255,39.923,-0.5837
Dhaka,2016,LC08_L2SP_137043_20160303_02_T1,2016-03-03,0.998,186700,0.2768,33.594,-7.47,35.662,-0.5088
Dhaka,2017,LC08_L2SP_137043_20170322_02_T1,2017-03-22,0.934,176071,0.3029,30.162,-5.13,31.716,-0.4342
Dhaka,2018,LC08_L2SP_137043_20180309_02_T1,2018-03-09,0.963,178739,0.284,33.667,-7.322,35.747,-0.4696
Dhaka,2019,LC08_L2SP_137044_20190328_02_T1,2019-03-28,1.0,186762,0.3348,37.425,-8.681,40.331,-0.5756
Dhaka,2020,LC08_L2SP_137044_20200330_02_T1,2020-03-30,0.981,181846,0.3184,42.021,-10.547,45.379,-0.5165
Dhaka,2021,LC08_L2SP_137044_20210317_02_T1,2021-03-17,1.0,187416,0.2614,37.123,-8.887,39.446,-0.5049
Dhaka,2022,LC08_L2SP_137044_20220320_02_T1,2022-03-20,1.0,185704,0.2806,37.446,-9.157,40.015,-0.5318
Dhaka,2023,LC08_L2SP_137044_20230408_02_T1,2023-04-08,1.0,186525,0.3186,40.806,-10.044,44.005,-0.5803
Dhaka,2024,LC08_L2SP_137044_20240426_02_T1,2024-04-26,1.0,186689,0.3271,40.208,-8.188,42.886,-0.5219
Dhaka,2025,LC08_L2SP_137044_20250328_02_T1,2025-03-28,1.0,186313,0.283,39.444,-8.459,41.838,-0.495
Chattogram,2014,LC08_L2SP_136045_20140424_02_T1,2014-04-24,0.976,166839,0.3711,41.905,-9.207,45.322,-0.4951
Chattogram,2015,LC08_L2SP_136045_20150326_02_T1,2015-03-26,0.996,176360,0.3676,35.198,-6.11,37.444,-0.3881
Chattogram,2016,LC08_L2SP_136044_20160429_02_T1,2016-04-29,0.814,144550,0.4352,40.254,-5.511,42.653,-0.4133
Chattogram,2017,LC08_L2SP_136045_20170315_02_T1,2017-03-15,0.991,171768,0.4266,32.908,-6.64,35.74,-0.5541
Chattogram,2018,LC08_L2SP_136045_20180403_02_T1,2018-04-03,1.0,175226,0.3678,39.768,-7.546,42.544,-0.4482
Chattogram,2019,LC08_L2SP_136045_20190422_02_T1,2019-04-22,0.596,101622,0.4611,40.073,-9.285,44.355,-0.4587
Chattogram,2020,LC08_L2SP_136045_20200323_02_T1,2020-03-23,0.939,161150,0.377,37.389,-7.927,40.377,-0.5204
Chattogram,2021,LC08_L2SP_136045_20210222_02_T1,2021-02-22,1.0,171118,0.3419,33.166,-7.68,35.792,-0.574
Chattogram,2022,LC09_L2SP_136044_20220321_02_T1,2022-03-21,1.0,172943,0.3832,38.394,-7.543,41.284,-0.5225
Chattogram,2023,LC09_L2SP_136045_20230409_02_T1,2023-04-09,0.999,174166,0.4051,40.894,-9.694,44.821,-0.5794
Chattogram,2024,LC08_L2SP_136045_20240318_02_T1,2024-03-18,0.981,171199,0.3811,38.246,-8.24,41.387,-0.5438
Chattogram,2025,LC09_L2SP_136045_20250329_02_T1,2025-03-29,0.872,153754,0.3307,34.593,-4.895,36.212,-0.3353
Khulna,2014,LC08_L2SP_138044_20140422_02_T1,2014-04-22,1.0,183770,0.4367,42.088,-9.342,46.168,-0.4222
Khulna,2015,LC08_L2SP_138044_20150324_02_T1,2015-03-24,0.989,186440,0.5086,34.522,-8.824,39.01,-0.5634
Khulna,2016,LC08_L2SP_138044_20160411_02_T1,2016-04-11,0.996,187980,0.4973,38.242,-5.142,40.799,-0.3256
Khulna,2017,LC08_L2SP_138044_20170414_02_T1,2017-04-14,1.0,188806,0.4845,37.899,-8.264,41.903,-0.4541
Khulna,2018,LC08_L2SP_137044_20180325_02_T1,2018-03-25,0.996,190692,0.4941,36.249,-9.034,40.712,-0.5352
Khulna,2019,LC08_L2SP_137044_20190328_02_T1,2019-03-28,1.0,186299,0.5497,34.598,-10.185,40.196,-0.6897
Khulna,2020,LC08_L2SP_138044_20200406_02_T1,2020-04-06,1.0,183948,0.5198,36.802,-8.386,41.161,-0.6188
Khulna,2021,LC08_L2SP_137044_20210317_02_T1,2021-03-17,1.0,189926,0.4624,33.925,-10.435,38.751,-0.6427
Khulna,2022,LC09_L2SP_138044_20220319_02_T1,2022-03-19,0.999,185756,0.495,33.924,-9.201,38.479,-0.5974
Khulna,2023,LC08_L2SP_137044_20230408_02_T1,2023-04-08,0.999,190968,0.5231,35.371,-7.96,39.535,-0.4965
Khulna,2024,LC08_L2SP_138044_20240401_02_T1,2024-04-01,0.995,188063,0.5199,36.548,-6.786,40.076,-0.4553
Khulna,2025,LC09_L2SP_138044_20250327_02_T1,2025-03-27,0.999,184753,0.513,34.478,-8.622,38.901,-0.6333
Rajshahi,2014,LC08_L2SP_138043_20140422_02_T1,2014-04-22,1.0,166959,0.3569,45.631,-21.21,53.2,-0.7852
Rajshahi,2015,LC08_L2SP_138043_20150324_02_T1,2015-03-24,0.999,169025,0.3328,39.644,-20.223,46.373,-0.756
Rajshahi,2016,LC08_L2SP_138043_20160411_02_T1,2016-04-11,1.0,171787,0.3895,40.697,-11.798,45.292,-0.6212
Rajshahi,2017,LC08_L2SP_138043_20170414_02_T1,2017-04-14,1.0,170247,0.3403,42.032,-19.267,48.589,-0.7065
Rajshahi,2018,LC08_L2SP_138043_20180401_02_T1,2018-04-01,1.0,171626,0.3741,38.286,-11.347,42.531,-0.6564
Rajshahi,2019,LC08_L2SP_138043_20190319_02_T1,2019-03-19,0.982,170064,0.3706,36.697,-14.839,42.197,-0.7373
Rajshahi,2020,LC08_L2SP_138043_20200406_02_T1,2020-04-06,1.0,165304,0.3578,43.312,-16.332,49.155,-0.6998
Rajshahi,2021,LC08_L2SP_138043_20210425_02_T1,2021-04-25,1.0,169887,0.3441,41.692,-13.737,46.418,-0.7294
Rajshahi,2022,LC09_L2SP_138043_20220319_02_T1,2022-03-19,1.0,169377,0.365,40.068,-16.412,46.058,-0.7088
Rajshahi,2023,LC09_L2SP_138043_20230306_02_T1,2023-03-06,0.982,164738,0.3642,35.175,-13.169,39.972,-0.6608
Rajshahi,2024,LC08_L2SP_138043_20240401_02_T1,2024-04-01,1.0,170455,0.4105,39.83,-10.719,44.23,-0.634
Rajshahi,2025,LC09_L2SP_138043_20250327_02_T1,2025-03-27,1.0,173830,0.3503,36.888,-18.473,43.36,-0.7202
Sylhet,2014,LC08_L2SP_136043_20140424_02_T1,2014-04-24,1.0,182700,0.5243,36.265,-8.79,40.874,-0.5822
Sylhet,2015,LC08_L2SP_136043_20150326_02_T1,2015-03-26,0.922,168566,0.4849,34.364,-15.144,41.707,-0.7154
Sylhet,2017,LC08_L2SP_136043_20170315_02_T1,2017-03-15,1.0,180980,0.5886,29.37,-6.804,33.375,-0.643
Sylhet,2018,LC08_L2SP_136043_20180318_02_T1,2018-03-18,0.891,162968,0.5496,26.655,-2.197,27.862,-0.1527
Sylhet,2019,LC08_L2SP_136043_20190508_02_T1,2019-05-08,0.619,113078,0.5834,32.715,-1.884,33.814,-0.1658
Sylhet,2020,LC08_L2SP_136043_20200323_02_T1,2020-03-23,0.592,108172,0.5744,31.448,-10.066,37.229,-0.56
Sylhet,2021,LC08_L2SP_136043_20210411_02_T1,2021-04-11,0.951,173862,0.5613,30.604,-12.707,37.737,-0.698
Sylhet,2022,LC09_L2SP_136043_20220321_02_T1,2022-03-21,1.0,182601,0.5162,35.674,-12.173,41.958,-0.7062
Sylhet,2023,LC09_L2SP_136043_20230409_02_T1,2023-04-09,1.0,181123,0.6083,33.898,-10.339,40.187,-0.6648
Sylhet,2024,LC09_L2SP_136043_20240310_02_T1,2024-03-10,1.0,181441,0.5502,30.536,-8.388,35.152,-0.6567
Sylhet,2025,LC08_L2SP_136043_20250305_02_T1,2025-03-05,0.997,182365,0.4901,29.154,-7.728,32.941,-0.6441
Barishal,2014,LC08_L2SP_137044_20140330_02_T1,2014-03-30,1.0,176561,0.617,37.231,-10.027,43.417,-0.681
Barishal,2015,LC08_L2SP_137044_20150317_02_T1,2015-03-17,1.0,176263,0.5889,33.594,-10.011,39.489,-0.6523
Barishal,2016,LC08_L2SP_137044_20160303_02_T1,2016-03-03,0.841,150901,0.6015,30.787,-5.688,34.208,-0.5312
Barishal,2017,LC08_L2SP_137044_20170322_02_T1,2017-03-22,1.0,176557,0.6221,30.292,-7.943,35.234,-0.6633
Barishal,2018,LC08_L2SP_137044_20180410_02_T1,2018-04-10,0.906,161072,0.6466,36.293,-8.862,42.024,-0.5792
Barishal,2019,LC08_L2SP_137044_20190328_02_T1,2019-03-28,1.0,175248,0.619,34.287,-10.17,40.583,-0.6665
Barishal,2020,LC08_L2SP_137044_20200330_02_T1,2020-03-30,1.0,175295,0.6315,35.309,-10.338,41.838,-0.6933
Barishal,2021,LC08_L2SP_137044_20210317_02_T1,2021-03-17,0.999,176242,0.5613,33.564,-10.522,39.47,-0.6776
Barishal,2022,LC08_L2SP_137044_20220320_02_T1,2022-03-20,1.0,175107,0.599,34.199,-11.06,40.823,-0.7214
Barishal,2023,LC08_L2SP_137044_20230408_02_T1,2023-04-08,1.0,176203,0.6455,34.637,-10.431,41.371,-0.7037
Barishal,2024,LC08_L2SP_137044_20240426_02_T1,2024-04-26,1.0,176141,0.6363,36.153,-9.821,42.401,-0.6696
Barishal,2025,LC08_L2SP_137044_20250328_02_T1,2025-03-28,1.0,176861,0.6111,33.905,-10.37,40.241,-0.7018
Rangpur,2014,LC08_L2SP_138042_20140422_02_T1,2014-04-22,1.0,184863,0.5931,36.125,-15.511,45.325,-0.757
Rangpur,2015,LC08_L2SP_138042_20150409_02_T1,2015-04-09,1.0,184905,0.6129,34.108,-10.534,40.565,-0.7029
Rangpur,2016,LC08_L2SP_138042_20160411_02_T1,2016-04-11,1.0,184903,0.6003,34.35,-8.661,39.549,-0.7135
Rangpur,2017,LC08_L2SP_138042_20170313_02_T1,2017-03-13,1.0,184559,0.502,27.044,-2.867,28.483,-0.387
Rangpur,2018,LC08_L2SP_138042_20180401_02_T1,2018-04-01,1.0,184910,0.5675,30.37,-6.899,34.285,-0.5415
Rangpur,2019,LC08_L2SP_138042_20190420_02_T1,2019-04-20,0.973,179962,0.638,32.335,-13.513,40.956,-0.7162
Rangpur,2020,LC08_L2SP_138042_20200406_02_T1,2020-04-06,1.0,184825,0.5345,33.603,-8.961,38.393,-0.6702
Rangpur,2021,LC08_L2SP_138042_20210425_02_T1,2021-04-25,1.0,184910,0.587,33.427,-11.179,39.989,-0.7248
Rangpur,2022,LC09_L2SP_138042_20220319_02_T1,2022-03-19,1.0,184878,0.4709,36.543,-11.613,42.011,-0.7197
Rangpur,2023,LC09_L2SP_138042_20230407_02_T1,2023-04-07,1.0,184828,0.6073,32.379,-8.467,37.521,-0.705
Rangpur,2024,LC09_L2SP_138042_20240425_02_T1,2024-04-25,1.0,184834,0.6242,35.751,-14.849,45.02,-0.7669
Rangpur,2025,LC08_L2SP_138042_20250319_02_T1,2025-03-19,1.0,184449,0.4529,33.286,-6.983,36.448,-0.514
Mymensingh,2014,LC08_L2SP_137043_20140330_02_T1,2014-03-30,1.0,187111,0.6403,33.013,-12.019,40.708,-0.7473
Mymensingh,2015,LC08_L2SP_137043_20150317_02_T1,2015-03-17,1.0,186219,0.6424,31.981,-11.37,39.286,-0.7294
Mymensingh,2016,LC08_L2SP_137043_20160303_02_T1,2016-03-03,1.0,187128,0.5736,28.49,-9.094,33.707,-0.6811
Mymensingh,2017,LC08_L2SP_137043_20170322_02_T1,2017-03-22,1.0,187128,0.6094,26.11,-8.643,31.377,-0.7417
Mymensingh,2018,LC08_L2SP_137043_20180325_02_T1,2018-03-25,0.998,186788,0.604,32.485,-13.212,40.465,-0.788
Mymensingh,2019,LC08_L2SP_137043_20190328_02_T1,2019-03-28,0.904,169071,0.626,31.373,-16.594,41.762,-0.7901
Mymensingh,2020,LC08_L2SP_137043_20200330_02_T1,2020-03-30,1.0,184971,0.6223,33.958,-12.966,42.027,-0.7303
Mymensingh,2021,LC08_L2SP_137043_20210317_02_T1,2021-03-17,0.997,186566,0.5588,30.761,-11.572,37.227,-0.753
Mymensingh,2022,LC08_L2SP_137043_20220320_02_T1,2022-03-20,1.0,186789,0.5758,33.372,-13.836,41.339,-0.7635
Mymensingh,2023,LC08_L2SP_137043_20230408_02_T1,2023-04-08,1.0,186542,0.6254,33.121,-11.074,40.046,-0.717
Mymensingh,2024,LC09_L2SP_137043_20240317_02_T1,2024-03-17,0.999,186319,0.5973,31.596,-11.122,38.239,-0.7182
Mymensingh,2025,LC08_L2SP_137043_20250328_02_T1,2025-03-28,0.972,181836,0.5795,31.681,-11.158,38.147,-0.7784
